Nº,Fecha,Departamento,Municipio,Nº de Víctimas
1,03/01/2026,Cauca,Santander De Quilichao,3
2,06/01/2026,Norte de Santander,Cúcuta,3
3,06/01/2026,Antioquia,Amalfi,4
4,09/01/2026,La Guajira,Maicao,5
5,10/01/2026,Antioquia,Abejorral,3
6,15/01/2026,Valle del Cauca,Ansermanuevo,3
7,16/01/2026,Guaviare,El Retorno,26
8,16/01/2026,Meta,Granada,3
9,18/01/2026,Cauca,Padilla,4
10,24/01/2026,Norte de Santander,Guamalito,3
11,24/01/2026,Tolima,Lérida,3
12,28/01/2026,Antioquia,Tarso,3
13,31/01/2026,La Guajira,Riohacha,3
14,01/02/2026,Nariño,Mallama,3
15,08/02/2026,Caldas,Marquetalia,3
16,14/02/2026,Atlántico,Barranquilla,3
17,15/02/2026,Huila,Suaza,4
18,18/02/2026,Antioquia,Remedios,3
19,18/02/2026,Atlántico,Ponedera,3
20,22/02/2026,Córdoba,Tuchín,3
21,25/02/2026,Antioquia,Titiribí,3
22,26/02/2026,Antioquia,Segovia,3
23,03/03/2026,Valle del Cauca,Cartago,3
24,03/03/2026,Nariño,Tumaco,3
25,05/03/2026,Nariño,Policarpa,3
26,08/03/2026,Tolima,Ataco,3
27,10/03/2026,Magdalena,Aracataca,3
28,13/03/2026,Valle del Cauca,Ansermanuevo,3
29,14/03/2026,Norte de Santander,Cimitarra,3
30,17/03/2026,Risaralda,Belén De Umbría,3
31,18/03/2026,Santander,Bucaramanga,3
32,18/03/2026,Huila,Pitalito,3
33,21/03/2026,Atlántico,Soledad,3
34,24/03/2026,Bogotá D.C.,Bogotá D.C.,3
35,26/03/2026,Cauca,Cajibío,3
36,28/03/2026,Atlántico,Sabanalarga,3
37,07/04/2026,Cauca,Popayán,6
38,12/04/2026,La Guajira,Maicao,5
39,16/04/2026,Casanare,Villanueva,5
40,16/04/2026,Meta,La Macarena,3
41,18/04/2026,Nariño,La Florida,3
42,19/04/2026,Norte de Santander,El Zulia,4
43,21/04/2026,Cauca,Guachené,3
44,21/04/2026,Valle del Cauca,Jamundí,4
45,22/04/2026,Putumayo,Mocoa,5
46,23/04/2026,Norte de Santander,Cúcuta,3
47,25/04/2026,Cauca,Cajibío,20
48,26/04/2026,Valle del Cauca,Toro,3
49,29/04/2026,Santander,Barrancabermeja,3
50,02/05/2026,Cesar,Valledupar,4
51,03/05/2026,Norte de Santander,Cúcuta,3
52,05/05/2026,Valle del Cauca,Yotoco,3
53,10/05/2026,Magdalena,Pueblo Viejo,4
54,15/05/2026,Antioquia,Andes,3
55,16/05/2026,Antioquia,Marinilla,4
56,17/05/2026,Cauca,Santander De Quilichao,3
57,19/05/2026,Norte de Santander,Ábrego,6
58,21/05/2026,Cauca,Silvia,6
59,27/05/2026,Nariño,Ipiales,3
60,02/06/2026,Valle del Cauca,Candelaria,3
61,03/06/2026,Cauca,Santander De Quilichao,4
62,04/06/2026,Cundinamarca,Soacha,3
63,07/06/2026,Antioquia,Remedios,4
64,07/06/2026,Atlántico,Soledad,3
65,08/06/2026,Norte de Santander,Cúcuta,3
66,08/06/2026,Atlántico,Soledad,3
67,26/06/2026,Cauca,Guachené,3
68,28/06/2026,Atlántico,Barranquilla,4
69,02/04/2026,Antioquia,Santa Fé De Antioquia,3
70,04/07/2026,Cauca,Corinto,3
71,12/07/2026,Cauca,Almaguer,4
72,16/07/2026,Caquetá,San José Del Fragua,3
73,17/07/2026,Vichada,Cumaribo,3
74,26/07/2026,Nariño,Cumbal,3
75,27/07/2026,Antioquia,Andes,3
76,28/07/2026,Cundinamarca,Soacha,3
77,30/07/2026,Cauca,Silvia,3
78,02/08/2026,Valle del Cauca,Florida,3
79,07/08/2026,Antioquia,Abejorral,3
80,02/08/2026,Atlántico,Barranquilla,3
81,15/08/2026,Norte de Santander,Cúcuta,3
82,17/08/2026,Valle del Cauca,Santiago de Cali,3
83,20/08/2026,Atlántico,Barranquilla,3
84,23/08/2026,Valle del Cauca,Sevilla,3
85,26/08/2026,Bogotá D.C.,Bogotá D.C.,3
86,27/08/2026,Meta,La Macarena,3
87,02/09/2026,Antioquia,Cáceres,3
88,04/09/2026,Valle del Cauca,Obando,3
89,06/09/2026,Valle del Cauca,Cali,3
